{
  "eval_loss": 0.02252613753080368,
  "eval_model_preparation_time": 0.0049,
  "eval_precision_0": 0.6486486486486487,
  "eval_recall_0": 0.2823529411764706,
  "eval_f1_0": 0.39344262295081966,
  "eval_precision_1": 0.7764705882352941,
  "eval_recall_1": 0.5454545454545454,
  "eval_f1_1": 0.6407766990291263,
  "eval_precision_2": 0.8350515463917526,
  "eval_recall_2": 0.9101123595505618,
  "eval_f1_2": 0.8709677419354839,
  "eval_precision_3": 0.7261904761904762,
  "eval_recall_3": 0.6777777777777778,
  "eval_f1_3": 0.7011494252873564,
  "eval_precision_4": 0.71,
  "eval_recall_4": 0.7029702970297029,
  "eval_f1_4": 0.7064676616915423,
  "eval_precision_5": 0.7777777777777778,
  "eval_recall_5": 0.6746987951807228,
  "eval_f1_5": 0.7225806451612903,
  "eval_precision_6": 0.6886792452830188,
  "eval_recall_6": 0.6576576576576577,
  "eval_f1_6": 0.6728110599078341,
  "eval_precision_7": 0.6,
  "eval_recall_7": 0.08450704225352113,
  "eval_f1_7": 0.14814814814814814,
  "eval_precision_8": 0.6615384615384615,
  "eval_recall_8": 0.5119047619047619,
  "eval_f1_8": 0.5771812080536913,
  "eval_precision_9": 0.7402597402597403,
  "eval_recall_9": 0.4318181818181818,
  "eval_f1_9": 0.5454545454545454,
  "eval_precision_10": 0.6588235294117647,
  "eval_recall_10": 0.632768361581921,
  "eval_f1_10": 0.6455331412103746,
  "eval_precision_11": 0.5,
  "eval_recall_11": 0.014084507042253521,
  "eval_f1_11": 0.0273972602739726,
  "eval_precision_12": 0.6753246753246753,
  "eval_recall_12": 0.6933333333333334,
  "eval_f1_12": 0.6842105263157895,
  "eval_precision_13": 0.7678571428571429,
  "eval_recall_13": 0.7166666666666667,
  "eval_f1_13": 0.7413793103448276,
  "eval_precision_14": 0.5827814569536424,
  "eval_recall_14": 0.4583333333333333,
  "eval_f1_14": 0.5131195335276968,
  "eval_precision_15": 0.6779661016949152,
  "eval_recall_15": 0.625,
  "eval_f1_15": 0.6504065040650406,
  "eval_precision_16": 0.8787878787878788,
  "eval_recall_16": 0.8285714285714286,
  "eval_f1_16": 0.8529411764705882,
  "eval_precision_17": 0.6224489795918368,
  "eval_recall_17": 0.22932330827067668,
  "eval_f1_17": 0.33516483516483514,
  "eval_precision_18": 0.8666666666666667,
  "eval_recall_18": 0.65,
  "eval_f1_18": 0.7428571428571429,
  "eval_precision_19": 0.7916666666666666,
  "eval_recall_19": 0.31666666666666665,
  "eval_f1_19": 0.4523809523809524,
  "eval_precision_20": 0.5714285714285714,
  "eval_recall_20": 0.1,
  "eval_f1_20": 0.1702127659574468,
  "eval_precision_21": 0.7083333333333334,
  "eval_recall_21": 0.4857142857142857,
  "eval_f1_21": 0.576271186440678,
  "eval_precision_22": 0.8026315789473685,
  "eval_recall_22": 0.8079470198675497,
  "eval_f1_22": 0.8052805280528053,
  "eval_precision_23": 0.7927927927927928,
  "eval_recall_23": 0.7096774193548387,
  "eval_f1_23": 0.7489361702127659,
  "eval_precision_24": 0.8009478672985783,
  "eval_recall_24": 0.7444933920704846,
  "eval_f1_24": 0.771689497716895,
  "eval_precision_25": 0.7,
  "eval_recall_25": 0.36082474226804123,
  "eval_f1_25": 0.47619047619047616,
  "eval_precision_26": 0.8709677419354839,
  "eval_recall_26": 0.6,
  "eval_f1_26": 0.7105263157894737,
  "eval_precision_27": 0.7538461538461538,
  "eval_recall_27": 0.532608695652174,
  "eval_f1_27": 0.6242038216560509,
  "eval_precision_28": 0.875,
  "eval_recall_28": 0.56,
  "eval_f1_28": 0.6829268292682927,
  "eval_precision_29": 0.3076923076923077,
  "eval_recall_29": 0.056338028169014086,
  "eval_f1_29": 0.09523809523809523,
  "eval_precision_30": 0.75,
  "eval_recall_30": 0.5666666666666667,
  "eval_f1_30": 0.6455696202531646,
  "eval_precision_31": 0.5454545454545454,
  "eval_recall_31": 0.2,
  "eval_f1_31": 0.2926829268292683,
  "eval_precision_32": 0.7,
  "eval_recall_32": 0.5833333333333334,
  "eval_f1_32": 0.6363636363636364,
  "eval_precision_33": 0.0,
  "eval_recall_33": 0.0,
  "eval_f1_33": 0.0,
  "eval_precision_34": 0.7931034482758621,
  "eval_recall_34": 0.6764705882352942,
  "eval_f1_34": 0.7301587301587301,
  "eval_precision_35": 0.8032786885245902,
  "eval_recall_35": 0.7101449275362319,
  "eval_f1_35": 0.7538461538461538,
  "eval_precision_36": 0.6296296296296297,
  "eval_recall_36": 0.4594594594594595,
  "eval_f1_36": 0.53125,
  "eval_precision_37": 0.8269230769230769,
  "eval_recall_37": 0.5733333333333334,
  "eval_f1_37": 0.6771653543307087,
  "eval_precision_38": 0.8106060606060606,
  "eval_recall_38": 0.6948051948051948,
  "eval_f1_38": 0.7482517482517482,
  "eval_precision_39": 0.7286012526096033,
  "eval_recall_39": 0.6711538461538461,
  "eval_f1_39": 0.6986986986986987,
  "eval_precision_40": 0.7746478873239436,
  "eval_recall_40": 0.6875,
  "eval_f1_40": 0.7284768211920529,
  "eval_precision_41": 0.6875,
  "eval_recall_41": 0.22916666666666666,
  "eval_f1_41": 0.34375,
  "eval_precision_42": 0.6538461538461539,
  "eval_recall_42": 0.38636363636363635,
  "eval_f1_42": 0.4857142857142857,
  "eval_precision_43": 0.0,
  "eval_recall_43": 0.0,
  "eval_f1_43": 0.0,
  "eval_precision_44": 0.6935483870967742,
  "eval_recall_44": 0.5180722891566265,
  "eval_f1_44": 0.593103448275862,
  "eval_precision_45": 0.813953488372093,
  "eval_recall_45": 0.4430379746835443,
  "eval_f1_45": 0.5737704918032787,
  "eval_precision_46": 0.8363636363636363,
  "eval_recall_46": 0.5679012345679012,
  "eval_f1_46": 0.6764705882352942,
  "eval_precision_47": 0.0,
  "eval_recall_47": 0.0,
  "eval_f1_47": 0.0,
  "eval_precision_48": 0.0,
  "eval_recall_48": 0.0,
  "eval_f1_48": 0.0,
  "eval_precision_49": 0.0,
  "eval_recall_49": 0.0,
  "eval_f1_49": 0.0,
  "eval_precision_50": 0.6774193548387096,
  "eval_recall_50": 0.6176470588235294,
  "eval_f1_50": 0.6461538461538462,
  "eval_precision_51": 0.9012345679012346,
  "eval_recall_51": 0.7604166666666666,
  "eval_f1_51": 0.8248587570621468,
  "eval_precision_52": 1.0,
  "eval_recall_52": 0.2,
  "eval_f1_52": 0.3333333333333333,
  "eval_precision_53": 0.8860759493670886,
  "eval_recall_53": 0.9090909090909091,
  "eval_f1_53": 0.8974358974358975,
  "eval_precision_54": 0.8225806451612904,
  "eval_recall_54": 0.6538461538461539,
  "eval_f1_54": 0.7285714285714285,
  "eval_precision_55": 0.775,
  "eval_recall_55": 0.6595744680851063,
  "eval_f1_55": 0.7126436781609196,
  "eval_precision_56": 0.6829268292682927,
  "eval_recall_56": 0.5,
  "eval_f1_56": 0.5773195876288659,
  "eval_precision_57": 0.6666666666666666,
  "eval_recall_57": 0.47619047619047616,
  "eval_f1_57": 0.5555555555555556,
  "eval_precision_58": 0.5,
  "eval_recall_58": 0.42105263157894735,
  "eval_f1_58": 0.45714285714285713,
  "eval_precision_59": 0.75,
  "eval_recall_59": 0.21428571428571427,
  "eval_f1_59": 0.3333333333333333,
  "eval_precision_60": 0.9012345679012346,
  "eval_recall_60": 0.9240506329113924,
  "eval_f1_60": 0.9125,
  "eval_precision_61": 0.8026315789473685,
  "eval_recall_61": 0.6421052631578947,
  "eval_f1_61": 0.7134502923976608,
  "eval_precision_62": 0.4583333333333333,
  "eval_recall_62": 0.22916666666666666,
  "eval_f1_62": 0.3055555555555556,
  "eval_precision_63": 0.6491228070175439,
  "eval_recall_63": 0.4111111111111111,
  "eval_f1_63": 0.5034013605442177,
  "eval_precision_64": 0.8287671232876712,
  "eval_recall_64": 0.7076023391812866,
  "eval_f1_64": 0.7634069400630915,
  "eval_precision_65": 0.8596491228070176,
  "eval_recall_65": 0.6447368421052632,
  "eval_f1_65": 0.7368421052631579,
  "eval_precision_66": 0.8170731707317073,
  "eval_recall_66": 0.7790697674418605,
  "eval_f1_66": 0.7976190476190477,
  "eval_precision_67": 0.8050847457627118,
  "eval_recall_67": 0.7509881422924901,
  "eval_f1_67": 0.7770961145194274,
  "eval_precision_68": 0.8159203980099502,
  "eval_recall_68": 0.640625,
  "eval_f1_68": 0.7177242888402626,
  "eval_precision_69": 0.6433566433566433,
  "eval_recall_69": 0.4,
  "eval_f1_69": 0.4932975871313673,
  "eval_precision_70": 0.9183673469387755,
  "eval_recall_70": 0.6923076923076923,
  "eval_f1_70": 0.7894736842105263,
  "eval_precision_71": 0.8608695652173913,